year,anom,scenario,country
2015,0.5303143966538787,ssp126,United States of America
2016,1.550633834382375,ssp126,United States of America
2017,1.4814366459358412,ssp126,United States of America
2018,0.8975595622576321,ssp126,United States of America
2019,0.666657404026573,ssp126,United States of America
2020,0.48540227021067417,ssp126,United States of America
2021,1.630165120724082,ssp126,United States of America
2022,1.3863140315691513,ssp126,United States of America
2023,0.9295348599984956,ssp126,United States of America
2024,1.6075812497873436,ssp126,United States of America
2025,1.986586530794802,ssp126,United States of America
2026,1.6820796840658105,ssp126,United States of America
2027,1.1674138263526277,ssp126,United States of America
2028,1.4479992815891902,ssp126,United States of America
2029,1.8868127566264672,ssp126,United States of America
2030,1.3975131851613163,ssp126,United States of America
2031,1.2474557525752805,ssp126,United States of America
2032,1.6726172913446877,ssp126,United States of America
2033,0.9660695930852936,ssp126,United States of America
2034,1.9715465288418965,ssp126,United States of America
2035,1.355739358877849,ssp126,United States of America
2036,1.1582075917519237,ssp126,United States of America
2037,1.6717023789193262,ssp126,United States of America
2038,2.0522882129033206,ssp126,United States of America
2039,1.3437776456017119,ssp126,United States of America
2040,1.7349374955013206,ssp126,United States of America
2041,2.09552102795948,ssp126,United States of America
2042,2.289925734365868,ssp126,United States of America
2043,1.7494982040945557,ssp126,United States of America
2044,1.1341665127190768,ssp126,United States of America
2045,1.3010001122101797,ssp126,United States of America
2046,2.104271215158675,ssp126,United States of America
2047,1.5720695361658477,ssp126,United States of America
2048,1.6372060356127407,ssp126,United States of America
2049,1.8671970773149813,ssp126,United States of America
2050,2.186666346237398,ssp126,United States of America
2051,1.497771074573941,ssp126,United States of America
2052,2.033659306100869,ssp126,United States of America
2053,1.8848178872687726,ssp126,United States of America
2054,1.8835731216530558,ssp126,United States of America
2055,1.9219977804377828,ssp126,United States of America
2056,2.0747755464641076,ssp126,United States of America
2057,1.4817687222932296,ssp126,United States of America
2058,2.0769891692961164,ssp126,United States of America
2059,2.5578988307801764,ssp126,United States of America
2060,1.0921064674762893,ssp126,United States of America
2061,1.8518672684679058,ssp126,United States of America
2062,2.28803502144471,ssp126,United States of America
2063,1.9667365477068028,ssp126,United States of America
2064,1.72864407548868,ssp126,United States of America
2065,1.8530849012504804,ssp126,United States of America
2066,2.220156436784106,ssp126,United States of America
2067,1.7266064019893061,ssp126,United States of America
2068,1.8535584944705903,ssp126,United States of America
2069,1.9497614894943953,ssp126,United States of America
2070,1.9746864738477834,ssp126,United States of America
2071,1.526966136391652,ssp126,United States of America
2072,2.2453204253345023,ssp126,United States of America
2073,1.5122537934495441,ssp126,United States of America
2074,2.2205391531076617,ssp126,United States of America
2075,1.8836265083061863,ssp126,United States of America
2076,1.5309129340261054,ssp126,United States of America
2077,2.037347628261574,ssp126,United States of America
2078,1.8988892747314567,ssp126,United States of America
2079,1.8659303047082814,ssp126,United States of America
2080,2.4110744694797255,ssp126,United States of America
2081,1.4894226332034983,ssp126,United States of America
2082,2.0969052015171,ssp126,United States of America
2083,2.1100928140428032,ssp126,United States of America
2084,1.8391217514498275,ssp126,United States of America
2085,1.6726488891448799,ssp126,United States of America
2086,1.9711275319313362,ssp126,United States of America
2087,1.7377640778941519,ssp126,United States of America
2088,2.2440552981387705,ssp126,United States of America
2089,1.8580884140578577,ssp126,United States of America
2090,2.2439237803943084,ssp126,United States of America
2091,2.110447304375977,ssp126,United States of America
2092,2.0566121289902335,ssp126,United States of America
2093,1.8913943429022995,ssp126,United States of America
2094,1.9985010531454361,ssp126,United States of America
2095,1.3623446627632387,ssp126,United States of America
2096,1.7138825935367707,ssp126,United States of America
2097,1.8975775007090452,ssp126,United States of America
2098,1.551898218762994,ssp126,United States of America
2099,1.525946693446697,ssp126,United States of America
2100,2.0172917060663504,ssp126,United States of America
2015,1.168356815258557,ssp126,Russia
2016,0.719230879309549,ssp126,Russia
2017,-0.3562428696197584,ssp126,Russia
2018,-0.017004890417504772,ssp126,Russia
2019,0.8894347675569055,ssp126,Russia
2020,1.6381982543536253,ssp126,Russia
2021,1.1038704981413447,ssp126,Russia
2022,1.75226372469011,ssp126,Russia
2023,2.5807220052370443,ssp126,Russia
2024,1.6293765679473557,ssp126,Russia
2025,2.271157869160899,ssp126,Russia
2026,0.9098114225939531,ssp126,Russia
2027,1.6965048081945364,ssp126,Russia
2028,1.4805558012960953,ssp126,Russia
2029,1.9427858831258251,ssp126,Russia
2030,2.130555885759052,ssp126,Russia
2031,1.6137873761250576,ssp126,Russia
2032,2.159566248073068,ssp126,Russia
2033,1.7552844891348727,ssp126,Russia
2034,1.9118336646708978,ssp126,Russia
2035,1.8157166271554859,ssp126,Russia
2036,1.600335494050493,ssp126,Russia
2037,1.718560047653946,ssp126,Russia
2038,1.4229762255628642,ssp126,Russia
2039,1.9984626091639504,ssp126,Russia
2040,2.0870648142581967,ssp126,Russia
2041,2.361763849989788,ssp126,Russia
2042,1.2051195401713088,ssp126,Russia
2043,1.8892542287835232,ssp126,Russia
2044,2.27909983412471,ssp126,Russia
2045,1.0422826012526119,ssp126,Russia
2046,1.687043366749471,ssp126,Russia
2047,1.9764609043743988,ssp126,Russia
2048,1.5313691198041375,ssp126,Russia
2049,2.3453968816910247,ssp126,Russia
2050,1.8310777860037921,ssp126,Russia
2051,0.9353772897427486,ssp126,Russia
2052,1.6582863090734103,ssp126,Russia
2053,1.5154563062970696,ssp126,Russia
2054,1.242123036282424,ssp126,Russia
2055,2.4438040133941215,ssp126,Russia
2056,2.9462834055761213,ssp126,Russia
2057,1.2516073577223434,ssp126,Russia
2058,2.628135850522142,ssp126,Russia
2059,2.0745170382476195,ssp126,Russia
2060,2.4260048517506267,ssp126,Russia
2061,1.8689422946601042,ssp126,Russia
2062,1.8455287447452937,ssp126,Russia
2063,2.693718390372823,ssp126,Russia
2064,2.028178231550176,ssp126,Russia
2065,1.3930695043870691,ssp126,Russia
2066,2.0579477702846662,ssp126,Russia
2067,1.8762992836647676,ssp126,Russia
2068,2.158421568921767,ssp126,Russia
2069,1.8080441880988627,ssp126,Russia
2070,1.555672211103527,ssp126,Russia
2071,1.4635992171110541,ssp126,Russia
2072,1.9464522362488825,ssp126,Russia
2073,2.0227696837605436,ssp126,Russia
2074,2.2534574755128123,ssp126,Russia
2075,2.2809239693717123,ssp126,Russia
2076,2.1860214849473167,ssp126,Russia
2077,2.13116220472663,ssp126,Russia
2078,2.6003112453036916,ssp126,Russia
2079,2.3759814016624543,ssp126,Russia
2080,2.332442289164508,ssp126,Russia
2081,1.4877310357362434,ssp126,Russia
2082,1.5432364333471256,ssp126,Russia
2083,1.4672714972134075,ssp126,Russia
2084,1.8982248677536908,ssp126,Russia
2085,2.453806657086427,ssp126,Russia
2086,1.948499381582832,ssp126,Russia
2087,2.5975837361280565,ssp126,Russia
2088,1.7426747442484076,ssp126,Russia
2089,2.4454132037369276,ssp126,Russia
2090,1.7576245763915634,ssp126,Russia
2091,2.044862990205749,ssp126,Russia
2092,2.389592854123728,ssp126,Russia
2093,2.4667611503229776,ssp126,Russia
2094,2.48956974603794,ssp126,Russia
2095,1.7915846190064395,ssp126,Russia
2096,1.7663745969280866,ssp126,Russia
2097,2.051547349286915,ssp126,Russia
2098,1.2151277523415602,ssp126,Russia
2099,1.3120690880214345,ssp126,Russia
2100,0.48436756287653954,ssp126,Russia
2015,0.782827473990259,ssp126,Japan
2016,0.8218702234438479,ssp126,Japan
2017,0.22991710959761244,ssp126,Japan
2018,0.8180931193476121,ssp126,Japan
2019,0.6183139029835367,ssp126,Japan
2020,0.93135883548483,ssp126,Japan
2021,1.0619385656479459,ssp126,Japan
2022,0.05591519215419864,ssp126,Japan
2023,1.1957372364069883,ssp126,Japan
2024,0.9488478105494706,ssp126,Japan
2025,0.8311158039924301,ssp126,Japan
2026,0.9044498833338865,ssp126,Japan
2027,1.3098722551365078,ssp126,Japan
2028,1.1245272077813244,ssp126,Japan
2029,1.3352516328647632,ssp126,Japan
2030,1.4351950871241554,ssp126,Japan
2031,0.6168894240009098,ssp126,Japan
2032,1.1848626726066225,ssp126,Japan
2033,0.7714910990119613,ssp126,Japan
2034,0.7162069907963673,ssp126,Japan
2035,1.1771757807459615,ssp126,Japan
2036,0.8132102575038126,ssp126,Japan
2037,1.3702339480369503,ssp126,Japan
2038,0.9067203245214679,ssp126,Japan
2039,0.46038202442271653,ssp126,Japan
2040,1.0357722146467954,ssp126,Japan
2041,1.218536380210891,ssp126,Japan
2042,1.2656891046940983,ssp126,Japan
2043,1.6447937549986373,ssp126,Japan
2044,0.8861498613322495,ssp126,Japan
2045,0.9920809399648927,ssp126,Japan
2046,1.2079112204457956,ssp126,Japan
2047,0.7497393714220205,ssp126,Japan
2048,0.9688805039881321,ssp126,Japan
2049,0.8351904911124242,ssp126,Japan
2050,1.2407271286014199,ssp126,Japan
2051,1.0159401739321128,ssp126,Japan
2052,0.8358969292870791,ssp126,Japan
2053,1.039306597898065,ssp126,Japan
2054,1.3341159080954579,ssp126,Japan
2055,1.6689049735907988,ssp126,Japan
2056,1.1460238954898814,ssp126,Japan
2057,1.3092221994504443,ssp126,Japan
2058,1.6758182222155287,ssp126,Japan
2059,1.570143288759522,ssp126,Japan
2060,1.935118874276148,ssp126,Japan
2061,2.0557339032105046,ssp126,Japan
2062,1.8593245634706834,ssp126,Japan
2063,2.1453142549458133,ssp126,Japan
2064,1.3415050524827978,ssp126,Japan
2065,1.6193682611340963,ssp126,Japan
2066,2.1309916179527733,ssp126,Japan
2067,1.4102908230331044,ssp126,Japan
2068,1.6205915379933484,ssp126,Japan
2069,1.3318405711351191,ssp126,Japan
2070,1.1228787393989244,ssp126,Japan
2071,1.7360844115732401,ssp126,Japan
2072,1.717730172281319,ssp126,Japan
2073,1.3488916151874406,ssp126,Japan
2074,1.512133774462081,ssp126,Japan
2075,1.4811059215613036,ssp126,Japan
2076,1.5615537521074176,ssp126,Japan
2077,1.9122402497845277,ssp126,Japan
2078,2.055809449412957,ssp126,Japan
2079,1.5070980735125645,ssp126,Japan
2080,1.1994615806074713,ssp126,Japan
2081,0.9676949804762945,ssp126,Japan
2082,1.3537738720851586,ssp126,Japan
2083,1.5725825900725623,ssp126,Japan
2084,0.9546518745751484,ssp126,Japan
2085,1.4552235715511892,ssp126,Japan
2086,1.4327474706312169,ssp126,Japan
2087,1.4384064519376096,ssp126,Japan
2088,1.0108467486611532,ssp126,Japan
2089,2.0680022973532837,ssp126,Japan
2090,1.2318191832505694,ssp126,Japan
2091,1.297409593873122,ssp126,Japan
2092,1.4959770064669022,ssp126,Japan
2093,1.3429422752893294,ssp126,Japan
2094,1.0687465296356748,ssp126,Japan
2095,1.2439643899105,ssp126,Japan
2096,1.4466953527564657,ssp126,Japan
2097,0.6963127781967247,ssp126,Japan
2098,1.2209622624749144,ssp126,Japan
2099,1.2508807106827888,ssp126,Japan
2100,1.0479691911722644,ssp126,Japan
2015,0.9159389073326338,ssp126,India
2016,1.0459789898245786,ssp126,India
2017,1.1596564434007581,ssp126,India
2018,1.0582938605411667,ssp126,India
2019,0.7793297849514537,ssp126,India
2020,1.6030573288044592,ssp126,India
2021,1.7205272416959883,ssp126,India
2022,0.7124442708640136,ssp126,India
2023,0.42703719511417954,ssp126,India
2024,1.3800380183096705,ssp126,India
2025,1.4401104466141776,ssp126,India
2026,0.9681290911978271,ssp126,India
2027,0.8835140951884249,ssp126,India
2028,0.894917421091811,ssp126,India
2029,0.895751301511886,ssp126,India
2030,1.5999993416822351,ssp126,India
2031,1.1766578059465491,ssp126,India
2032,0.5920396373899334,ssp126,India
2033,1.8698733098483307,ssp126,India
2034,1.2757115339095124,ssp126,India
2035,1.3314805804962193,ssp126,India
2036,1.222368183059665,ssp126,India
2037,1.7829260873840214,ssp126,India
2038,0.831767271414859,ssp126,India
2039,1.0470646969660042,ssp126,India
2040,1.1393378422736644,ssp126,India
2041,1.273742042390547,ssp126,India
2042,1.7542919730301585,ssp126,India
2043,1.6690814578076778,ssp126,India
2044,1.208684192911388,ssp126,India
2045,1.7637467209837652,ssp126,India
2046,2.0341802824505515,ssp126,India
2047,1.426327274329667,ssp126,India
2048,1.8935103025239284,ssp126,India
2049,1.9178222386398711,ssp126,India
2050,1.4203125442134203,ssp126,India
2051,2.0368042832042814,ssp126,India
2052,1.139723490267934,ssp126,India
2053,1.0741644415056388,ssp126,India
2054,1.8061578325343337,ssp126,India
2055,1.623133307440717,ssp126,India
2056,1.1894920568230363,ssp126,India
2057,1.368799464509793,ssp126,India
2058,0.8965719183810497,ssp126,India
2059,1.6872965638145563,ssp126,India
2060,2.1005731960807696,ssp126,India
2061,1.8176061822969296,ssp126,India
2062,1.867165962816275,ssp126,India
2063,0.9424990738776833,ssp126,India
2064,1.2229333846391521,ssp126,India
2065,2.039097887155073,ssp126,India
2066,1.5467030256944014,ssp126,India
2067,1.630913068715981,ssp126,India
2068,1.501744044253376,ssp126,India
2069,1.7170231758781105,ssp126,India
2070,1.0029807321271722,ssp126,India
2071,1.4445872377837512,ssp126,India
2072,0.8141296306253836,ssp126,India
2073,1.500487569961075,ssp126,India
2074,1.5441893902786943,ssp126,India
2075,1.5708539047357442,ssp126,India
2076,1.0497012218878885,ssp126,India
2077,1.5887044607946523,ssp126,India
2078,1.8728118598462804,ssp126,India
2079,1.2238082505273082,ssp126,India
2080,1.3716898562430422,ssp126,India
2081,1.5331502382066882,ssp126,India
2082,2.2067947595658577,ssp126,India
2083,1.8548920654641508,ssp126,India
2084,1.7762604357882454,ssp126,India
2085,1.973756924164781,ssp126,India
2086,1.5042418896913845,ssp126,India
2087,2.031562923359786,ssp126,India
2088,1.8198574375793524,ssp126,India
2089,1.537378965792222,ssp126,India
2090,1.793528554521439,ssp126,India
2091,1.4945769037463117,ssp126,India
2092,1.7313746926887668,ssp126,India
2093,1.590077856451538,ssp126,India
2094,1.195296801305263,ssp126,India
2095,1.049059782457922,ssp126,India
2096,1.350138151595754,ssp126,India
2097,1.176255545845632,ssp126,India
2098,1.5469312664129777,ssp126,India
2099,1.8338837713517864,ssp126,India
2100,1.5011210983468148,ssp126,India
2015,0.8305413035020146,ssp126,People's Republic of China
2016,0.6405790208490809,ssp126,People's Republic of China
2017,0.7263696724525931,ssp126,People's Republic of China
2018,0.9418587437551988,ssp126,People's Republic of China
2019,0.8036256183244016,ssp126,People's Republic of China
2020,1.1094672387099498,ssp126,People's Republic of China
2021,1.0539738645039378,ssp126,People's Republic of China
2022,0.9056492196254136,ssp126,People's Republic of China
2023,0.967709528330754,ssp126,People's Republic of China
2024,1.4202387665197256,ssp126,People's Republic of China
2025,1.4230624036479647,ssp126,People's Republic of China
2026,1.325472246662699,ssp126,People's Republic of China
2027,1.3525236678488362,ssp126,People's Republic of China
2028,0.9699703694958662,ssp126,People's Republic of China
2029,1.369455766039984,ssp126,People's Republic of China
2030,0.961071422573011,ssp126,People's Republic of China
2031,1.3749608641199742,ssp126,People's Republic of China
2032,1.2178854595426167,ssp126,People's Republic of China
2033,1.7554101069132007,ssp126,People's Republic of China
2034,1.0342578004647185,ssp126,People's Republic of China
2035,1.3039840332066701,ssp126,People's Republic of China
2036,1.1783689436552596,ssp126,People's Republic of China
2037,1.554995962423912,ssp126,People's Republic of China
2038,1.5105367356068329,ssp126,People's Republic of China
2039,1.0980825737004722,ssp126,People's Republic of China
2040,1.282055649458501,ssp126,People's Republic of China
2041,1.8796337104529581,ssp126,People's Republic of China
2042,1.4338954978097482,ssp126,People's Republic of China
2043,1.4857062078985492,ssp126,People's Republic of China
2044,1.1981514568677052,ssp126,People's Republic of China
2045,1.8132217187003707,ssp126,People's Republic of China
2046,2.045812024783198,ssp126,People's Republic of China
2047,1.3610409102648047,ssp126,People's Republic of China
2048,1.5923819424647667,ssp126,People's Republic of China
2049,1.312733020414692,ssp126,People's Republic of China
2050,1.6399248404009394,ssp126,People's Republic of China
2051,1.7119161741915458,ssp126,People's Republic of China
2052,1.2060652256208064,ssp126,People's Republic of China
2053,1.567985361114313,ssp126,People's Republic of China
2054,1.7375353948641417,ssp126,People's Republic of China
2055,1.6979164676551268,ssp126,People's Republic of China
2056,1.1270129777474402,ssp126,People's Republic of China
2057,1.5341208002753757,ssp126,People's Republic of China
2058,1.6465620438160928,ssp126,People's Republic of China
2059,1.5060976389192868,ssp126,People's Republic of China
2060,1.642017522942309,ssp126,People's Republic of China
2061,1.9073992379609916,ssp126,People's Republic of China
2062,2.4290447323244795,ssp126,People's Republic of China
2063,1.962952520215285,ssp126,People's Republic of China
2064,1.8246731401467633,ssp126,People's Republic of China
2065,1.8385455145111278,ssp126,People's Republic of China
2066,2.0260730283289377,ssp126,People's Republic of China
2067,1.7789838775952926,ssp126,People's Republic of China
2068,2.00449742729931,ssp126,People's Republic of China
2069,1.9618214449423392,ssp126,People's Republic of China
2070,1.461598769987101,ssp126,People's Republic of China
2071,1.6424933220761697,ssp126,People's Republic of China
2072,1.9033934921146676,ssp126,People's Republic of China
2073,1.8982641956204689,ssp126,People's Republic of China
2074,1.4746568038977297,ssp126,People's Republic of China
2075,1.488796455738252,ssp126,People's Republic of China
2076,1.7811676499800746,ssp126,People's Republic of China
2077,1.6571371929843843,ssp126,People's Republic of China
2078,2.2543649298203197,ssp126,People's Republic of China
2079,1.333805516305611,ssp126,People's Republic of China
2080,1.80903975310267,ssp126,People's Republic of China
2081,1.6304237515402598,ssp126,People's Republic of China
2082,1.9554822553903275,ssp126,People's Republic of China
2083,1.898011991505316,ssp126,People's Republic of China
2084,1.4007889204586335,ssp126,People's Republic of China
2085,1.7873028076544533,ssp126,People's Republic of China
2086,1.8249526679875256,ssp126,People's Republic of China
2087,1.5594014654419082,ssp126,People's Republic of China
2088,1.5586783164378457,ssp126,People's Republic of China
2089,1.934625684724211,ssp126,People's Republic of China
2090,1.0585323752075821,ssp126,People's Republic of China
2091,1.9426227785029992,ssp126,People's Republic of China
2092,1.1950815345663388,ssp126,People's Republic of China
2093,1.5311742186974948,ssp126,People's Republic of China
2094,1.2309349356564279,ssp126,People's Republic of China
2095,1.7591584814211498,ssp126,People's Republic of China
2096,1.7528430547339577,ssp126,People's Republic of China
2097,1.4002749464787188,ssp126,People's Republic of China
2098,1.6657794508066124,ssp126,People's Republic of China
2099,1.587114165544725,ssp126,People's Republic of China
2100,1.1951484267488908,ssp126,People's Republic of China
2015,0.6408499527525693,ssp245,United States of America
2016,0.9170038197853149,ssp245,United States of America
2017,1.3715795246042977,ssp245,United States of America
2018,1.2785520169684226,ssp245,United States of America
2019,1.1086699573776937,ssp245,United States of America
2020,0.9220259118080983,ssp245,United States of America
2021,1.3624715507224499,ssp245,United States of America
2022,1.5170473555832615,ssp245,United States of America
2023,1.2391831049945021,ssp245,United States of America
2024,1.1508336698571593,ssp245,United States of America
2025,1.3496255461324942,ssp245,United States of America
2026,1.5573022333892912,ssp245,United States of America
2027,1.0767225322587801,ssp245,United States of America
2028,1.4891806451853364,ssp245,United States of America
2029,1.5721213590237266,ssp245,United States of America
2030,1.3312935670778072,ssp245,United States of America
2031,1.9622021879444553,ssp245,United States of America
2032,1.6502053387626892,ssp245,United States of America
2033,2.115082564818097,ssp245,United States of America
2034,1.5773094466787583,ssp245,United States of America
2035,1.5267999943557942,ssp245,United States of America
2036,1.9466783431420986,ssp245,United States of America
2037,1.6559807543186775,ssp245,United States of America
2038,1.9347060846139739,ssp245,United States of America
2039,1.762069962228559,ssp245,United States of America
2040,1.995541855345683,ssp245,United States of America
2041,1.7298309267280774,ssp245,United States of America
2042,2.4522326062884963,ssp245,United States of America
2043,1.2332164278789373,ssp245,United States of America
2044,1.7139163434653397,ssp245,United States of America
2045,2.0349372410143007,ssp245,United States of America
2046,2.1629571265571035,ssp245,United States of America
2047,2.0359115949317785,ssp245,United States of America
2048,1.6973930251578437,ssp245,United States of America
2049,2.542828636118541,ssp245,United States of America
2050,1.6315227858034032,ssp245,United States of America
2051,2.20966096595552,ssp245,United States of America
2052,1.889703299498145,ssp245,United States of America
2053,1.863659698046172,ssp245,United States of America
2054,2.2775758319033015,ssp245,United States of America
2055,1.9462925249563048,ssp245,United States of America
2056,2.107519159894616,ssp245,United States of America
2057,2.358367382288557,ssp245,United States of America
2058,2.7415627134370824,ssp245,United States of America
2059,2.5576391189114434,ssp245,United States of America
2060,2.002125434636812,ssp245,United States of America
2061,2.435501719798258,ssp245,United States of America
2062,2.1992788970026274,ssp245,United States of America
2063,2.4575394105386605,ssp245,United States of America
2064,2.514383396897616,ssp245,United States of America
2065,2.1345307330966583,ssp245,United States of America
2066,1.9838441689456237,ssp245,United States of America
2067,2.484121868806576,ssp245,United States of America
2068,2.1426688290456637,ssp245,United States of America
2069,2.1244511365812437,ssp245,United States of America
2070,2.378769431367817,ssp245,United States of America
2071,2.031678493305329,ssp245,United States of America
2072,2.390572112941568,ssp245,United States of America
2073,2.7678626455516744,ssp245,United States of America
2074,2.327204020740811,ssp245,United States of America
2075,2.9813090237866113,ssp245,United States of America
2076,2.882563384782951,ssp245,United States of America
2077,2.139156408478925,ssp245,United States of America
2078,2.8320928000451664,ssp245,United States of America
2079,2.5975951958086423,ssp245,United States of America
2080,3.2770414814231863,ssp245,United States of America
2081,3.004514508295837,ssp245,United States of America
2082,2.8961038772887036,ssp245,United States of America
2083,3.0661815760636877,ssp245,United States of America
2084,2.9119481268158425,ssp245,United States of America
2085,2.446386229532745,ssp245,United States of America
2086,2.9560135793644613,ssp245,United States of America
2087,3.339557408047287,ssp245,United States of America
2088,2.983106991758148,ssp245,United States of America
2089,3.2143207388976096,ssp245,United States of America
2090,3.1265033684563988,ssp245,United States of America
2091,2.7207534735729118,ssp245,United States of America
2092,2.698833940390983,ssp245,United States of America
2093,2.8318850883108695,ssp245,United States of America
2094,2.9916311461581153,ssp245,United States of America
2095,2.7984162068554377,ssp245,United States of America
2096,2.4467873866970202,ssp245,United States of America
2097,2.955253722324952,ssp245,United States of America
2098,3.220875928752397,ssp245,United States of America
2099,2.9420898796125967,ssp245,United States of America
2100,3.1963689467865626,ssp245,United States of America
2015,1.295614905615745,ssp245,Russia
2016,0.7621487140436886,ssp245,Russia
2017,2.3609110187346087,ssp245,Russia
2018,0.46429685862131587,ssp245,Russia
2019,0.9998755700167208,ssp245,Russia
2020,1.2503082090601734,ssp245,Russia
2021,1.3633893602056741,ssp245,Russia
2022,1.7497503017885503,ssp245,Russia
2023,1.018222825074404,ssp245,Russia
2024,1.0042311958580799,ssp245,Russia
2025,1.4424551238608498,ssp245,Russia
2026,1.5389205919879498,ssp245,Russia
2027,1.3661252105958064,ssp245,Russia
2028,0.9468247504586409,ssp245,Russia
2029,1.9884651447416555,ssp245,Russia
2030,1.265987514949282,ssp245,Russia
2031,1.685629048283845,ssp245,Russia
2032,1.7004405429323617,ssp245,Russia
2033,1.7008848432250276,ssp245,Russia
2034,1.7441966953013202,ssp245,Russia
2035,2.4700531757582223,ssp245,Russia
2036,1.9947579034112344,ssp245,Russia
2037,2.6780761233340935,ssp245,Russia
2038,1.4661324226088368,ssp245,Russia
2039,1.9156605131520628,ssp245,Russia
2040,1.6366819014576803,ssp245,Russia
2041,2.5142520178395067,ssp245,Russia
2042,1.9855986623097104,ssp245,Russia
2043,1.9807535684695048,ssp245,Russia
2044,1.6724515100798873,ssp245,Russia
2045,1.4987593065692228,ssp245,Russia
2046,1.9595242761251286,ssp245,Russia
2047,2.46013978351237,ssp245,Russia
2048,2.3017022620497545,ssp245,Russia
2049,2.3746131357055345,ssp245,Russia
2050,2.5102504260181675,ssp245,Russia
2051,2.6844788607933463,ssp245,Russia
2052,2.3144073426055143,ssp245,Russia
2053,2.80474297355105,ssp245,Russia
2054,2.056319250772644,ssp245,Russia
2055,1.8700005578009198,ssp245,Russia
2056,2.879285760106904,ssp245,Russia
2057,3.6465232874251803,ssp245,Russia
2058,2.6546197229329915,ssp245,Russia
2059,3.264719858639777,ssp245,Russia
2060,1.8990021665071892,ssp245,Russia
2061,3.420139753636473,ssp245,Russia
2062,2.4704311846010727,ssp245,Russia
2063,2.7642033297161834,ssp245,Russia
2064,2.47927851646842,ssp245,Russia
2065,2.8030393590544893,ssp245,Russia
2066,1.9758448619075697,ssp245,Russia
2067,2.60720269683595,ssp245,Russia
2068,2.0191302680289,ssp245,Russia
2069,2.021175090650462,ssp245,Russia
2070,2.659486648474097,ssp245,Russia
2071,2.1567554457540172,ssp245,Russia
2072,3.457558460158256,ssp245,Russia
2073,2.856595354225704,ssp245,Russia
2074,2.4576253590394077,ssp245,Russia
2075,2.5733546299047,ssp245,Russia
2076,3.2517517094038006,ssp245,Russia
2077,3.7422554904696046,ssp245,Russia
2078,4.052817267286843,ssp245,Russia
2079,3.4806750492259755,ssp245,Russia
2080,4.548792149120157,ssp245,Russia
2081,3.547019320232478,ssp245,Russia
2082,3.568320975880983,ssp245,Russia
2083,2.9033798838962346,ssp245,Russia
2084,3.7048136945581995,ssp245,Russia
2085,3.255098041685073,ssp245,Russia
2086,3.383237436213575,ssp245,Russia
2087,2.8717919233735234,ssp245,Russia
2088,3.0006745685524954,ssp245,Russia
2089,3.4312540518449732,ssp245,Russia
2090,2.49276334673919,ssp245,Russia
2091,3.1064729695873523,ssp245,Russia
2092,3.288527516621919,ssp245,Russia
2093,3.1908715251302042,ssp245,Russia
2094,3.343374271016696,ssp245,Russia
2095,3.813215438854291,ssp245,Russia
2096,3.398114291880136,ssp245,Russia
2097,3.5138390311552494,ssp245,Russia
2098,3.1334253033506565,ssp245,Russia
2099,3.4948318929377473,ssp245,Russia
2100,3.458281473586422,ssp245,Russia
2015,0.4402208859328482,ssp245,Japan
2016,0.18473560028565722,ssp245,Japan
2017,0.6066931802784526,ssp245,Japan
2018,0.755532992487555,ssp245,Japan
2019,0.6270648462165065,ssp245,Japan
2020,1.4685353210359335,ssp245,Japan
2021,0.6583522092487417,ssp245,Japan
2022,0.7612273118015247,ssp245,Japan
2023,1.060603267025779,ssp245,Japan
2024,1.3854030295390634,ssp245,Japan
2025,0.44832590748952816,ssp245,Japan
2026,0.9606562421242025,ssp245,Japan
2027,1.3003335502877313,ssp245,Japan
2028,0.012119822442825489,ssp245,Japan
2029,1.0890189914495914,ssp245,Japan
2030,0.5511413169330507,ssp245,Japan
2031,1.7139260035780601,ssp245,Japan
2032,0.6444527691015882,ssp245,Japan
2033,1.1418580353478316,ssp245,Japan
2034,0.3909480320605618,ssp245,Japan
2035,1.0236485146687413,ssp245,Japan
2036,1.1731367858144266,ssp245,Japan
2037,1.836826836602588,ssp245,Japan
2038,0.9710157672062639,ssp245,Japan
2039,1.1602537353873201,ssp245,Japan
2040,1.2314190356547985,ssp245,Japan
2041,0.9522782942959088,ssp245,Japan
2042,1.0159513767936605,ssp245,Japan
2043,0.9058207855173396,ssp245,Japan
2044,1.152611346922592,ssp245,Japan
2045,1.6848525620356614,ssp245,Japan
2046,2.081075155559028,ssp245,Japan
2047,0.8018964154618982,ssp245,Japan
2048,1.445252638647763,ssp245,Japan
2049,0.8176677655905089,ssp245,Japan
2050,1.2509931426557561,ssp245,Japan
2051,1.7069464118952231,ssp245,Japan
2052,0.9729815131083521,ssp245,Japan
2053,1.7349934463103465,ssp245,Japan
2054,1.7306503057666585,ssp245,Japan
2055,1.034695967620534,ssp245,Japan
2056,1.915572114080695,ssp245,Japan
2057,1.4519036452170555,ssp245,Japan
2058,1.4113818111883436,ssp245,Japan
2059,1.8142686746085963,ssp245,Japan
2060,2.035473113818028,ssp245,Japan
2061,1.1287272047160137,ssp245,Japan
2062,1.2136210053906422,ssp245,Japan
2063,1.4931061582919551,ssp245,Japan
2064,1.2976634826344495,ssp245,Japan
2065,1.525875173404673,ssp245,Japan
2066,2.097019812456131,ssp245,Japan
2067,2.5669048131321603,ssp245,Japan
2068,1.718592994857944,ssp245,Japan
2069,1.8821959269751858,ssp245,Japan
2070,1.5419484560300745,ssp245,Japan
2071,2.3378521707132656,ssp245,Japan
2072,2.4338094466602382,ssp245,Japan
2073,1.943191218710974,ssp245,Japan
2074,1.9665743184444733,ssp245,Japan
2075,2.7524256282074204,ssp245,Japan
2076,2.1463674123177223,ssp245,Japan
2077,1.9611687276924274,ssp245,Japan
2078,1.9707775403689949,ssp245,Japan
2079,2.2066477900944768,ssp245,Japan
2080,1.923590239025812,ssp245,Japan
2081,2.1485767121558235,ssp245,Japan
2082,2.5673857470276524,ssp245,Japan
2083,2.0152636588308193,ssp245,Japan
2084,1.5622918576385887,ssp245,Japan
2085,2.8854616105749287,ssp245,Japan
2086,2.5889882156597466,ssp245,Japan
2087,2.490092781686766,ssp245,Japan
2088,2.0969570126462536,ssp245,Japan
2089,1.8238999896151462,ssp245,Japan
2090,1.8743446690799568,ssp245,Japan
2091,2.061304648058235,ssp245,Japan
2092,2.4808427019006496,ssp245,Japan
2093,2.171646523735095,ssp245,Japan
2094,2.3092404788208603,ssp245,Japan
2095,2.49401489184673,ssp245,Japan
2096,1.8169465173002208,ssp245,Japan
2097,2.5469503689874,ssp245,Japan
2098,2.343676054743796,ssp245,Japan
2099,2.436103167770024,ssp245,Japan
2100,2.7322878333485243,ssp245,Japan
2015,0.04429166710250584,ssp245,India
2016,0.8191271471125888,ssp245,India
2017,0.4422676460316895,ssp245,India
2018,1.103073455003946,ssp245,India
2019,1.3543649461426848,ssp245,India
2020,0.41227330936485346,ssp245,India
2021,0.706176561373689,ssp245,India
2022,1.1603741031509573,ssp245,India
2023,1.5552522333856516,ssp245,India
2024,1.3141037202202717,ssp245,India
2025,1.1244512158791913,ssp245,India
2026,1.1137941526260628,ssp245,India
2027,1.593888718775256,ssp245,India
2028,1.1909847854479538,ssp245,India
2029,0.9296467397196368,ssp245,India
2030,1.5478946099645408,ssp245,India
2031,1.4922592975654896,ssp245,India
2032,1.2019712089608998,ssp245,India
2033,1.1194139347249739,ssp245,India
2034,1.0656190166388055,ssp245,India
2035,1.2119484715685533,ssp245,India
2036,1.6847456183929905,ssp245,India
2037,1.4094017412955067,ssp245,India
2038,0.9772712546898447,ssp245,India
2039,1.2973686270615077,ssp245,India
2040,1.3652747515892405,ssp245,India
2041,1.130815233093232,ssp245,India
2042,1.2951051676324592,ssp245,India
2043,1.7459308136681346,ssp245,India
2044,1.3110594828152495,ssp245,India
2045,1.338660617989791,ssp245,India
2046,1.4933625261660322,ssp245,India
2047,1.9593791441916812,ssp245,India
2048,1.5592926674111987,ssp245,India
2049,2.115323550242551,ssp245,India
2050,1.4624089042806263,ssp245,India
2051,1.8451703637199686,ssp245,India
2052,1.996112017957042,ssp245,India
2053,2.1445877733944188,ssp245,India
2054,1.265717277242939,ssp245,India
2055,2.05180079844626,ssp245,India
2056,2.327898320598885,ssp245,India
2057,1.7887207099994777,ssp245,India
2058,1.3494564289497935,ssp245,India
2059,1.6760645613877534,ssp245,India
2060,2.187190104068098,ssp245,India
2061,1.5886834275141157,ssp245,India
2062,1.4315963862764571,ssp245,India
2063,1.7314595939932471,ssp245,India
2064,2.1871020918449156,ssp245,India
2065,2.0176977539111944,ssp245,India
2066,1.9341949303939279,ssp245,India
2067,2.133602139500725,ssp245,India
2068,2.1032992273374305,ssp245,India
2069,2.5071034189641783,ssp245,India
2070,1.90059453856549,ssp245,India
2071,2.094988363692055,ssp245,India
2072,2.1591880471790548,ssp245,India
2073,1.8633503562219969,ssp245,India
2074,1.6194515266274179,ssp245,India
2075,2.065129215320312,ssp245,India
2076,2.308660695989617,ssp245,India
2077,2.2159507783641947,ssp245,India
2078,2.2691385972034923,ssp245,India
2079,2.4579914371856337,ssp245,India
2080,2.5964921707262727,ssp245,India
2081,2.249048616081393,ssp245,India
2082,2.4714834676639788,ssp245,India
2083,2.4906194807762234,ssp245,India
2084,2.3537866518692883,ssp245,India
2085,2.37252537681026,ssp245,India
2086,2.381772925140518,ssp245,India
2087,2.044842169093468,ssp245,India
2088,1.887085564380283,ssp245,India
2089,2.327168623112806,ssp245,India
2090,2.2543360114400595,ssp245,India
2091,2.101016396320006,ssp245,India
2092,2.6188488885788335,ssp245,India
2093,2.416412306025079,ssp245,India
2094,2.531295772170117,ssp245,India
2095,2.9672848858747645,ssp245,India
2096,2.0681885439441854,ssp245,India
2097,3.3005167106142665,ssp245,India
2098,3.263186400932414,ssp245,India
2099,2.732846283188002,ssp245,India
2100,2.849608071358513,ssp245,India
2015,0.7864685822363272,ssp245,People's Republic of China
2016,0.4166790351737415,ssp245,People's Republic of China
2017,0.8666138651430237,ssp245,People's Republic of China
2018,1.0159359761608675,ssp245,People's Republic of China
2019,1.1318085433756917,ssp245,People's Republic of China
2020,1.4725473207594137,ssp245,People's Republic of China
2021,0.8996891540933432,ssp245,People's Republic of China
2022,1.1880392070585846,ssp245,People's Republic of China
2023,1.0269347820891417,ssp245,People's Republic of China
2024,1.1887449638529555,ssp245,People's Republic of China
2025,1.0018540608755702,ssp245,People's Republic of China
2026,1.0260027764916544,ssp245,People's Republic of China
2027,1.018176078364775,ssp245,People's Republic of China
2028,0.8024031221847728,ssp245,People's Republic of China
2029,0.885320572912813,ssp245,People's Republic of China
2030,1.01607656103039,ssp245,People's Republic of China
2031,1.6451921202855744,ssp245,People's Republic of China
2032,1.241888984208568,ssp245,People's Republic of China
2033,1.431005227110181,ssp245,People's Republic of China
2034,1.294093043597692,ssp245,People's Republic of China
2035,1.4474659633528328,ssp245,People's Republic of China
2036,1.234037251596013,ssp245,People's Republic of China
2037,1.9535146488993516,ssp245,People's Republic of China
2038,1.3587071972520204,ssp245,People's Republic of China
2039,1.228220449193235,ssp245,People's Republic of China
2040,1.4190916482180458,ssp245,People's Republic of China
2041,1.433092113632608,ssp245,People's Republic of China
2042,1.3480887506644461,ssp245,People's Republic of China
2043,1.433271241198565,ssp245,People's Republic of China
2044,1.4129218376583648,ssp245,People's Republic of China
2045,1.830333340024589,ssp245,People's Republic of China
2046,2.058808749416465,ssp245,People's Republic of China
2047,1.3149567968072284,ssp245,People's Republic of China
2048,1.1489366116966886,ssp245,People's Republic of China
2049,1.3739008290207158,ssp245,People's Republic of China
2050,1.5444839684102476,ssp245,People's Republic of China
2051,2.0045762378928456,ssp245,People's Republic of China
2052,1.611254853646379,ssp245,People's Republic of China
2053,2.014445268926237,ssp245,People's Republic of China
2054,1.8164359521638913,ssp245,People's Republic of China
2055,1.293715984120627,ssp245,People's Republic of China
2056,2.1101779142144714,ssp245,People's Republic of China
2057,1.9206745889079464,ssp245,People's Republic of China
2058,1.5376887041013336,ssp245,People's Republic of China
2059,2.165417254838924,ssp245,People's Republic of China
2060,2.209154682971836,ssp245,People's Republic of China
2061,2.0896803777982935,ssp245,People's Republic of China
2062,1.9226326763597048,ssp245,People's Republic of China
2063,2.2533810670437515,ssp245,People's Republic of China
2064,2.1575859754307847,ssp245,People's Republic of China
2065,2.094063598310705,ssp245,People's Republic of China
2066,2.114032039455865,ssp245,People's Republic of China
2067,2.5324831189300343,ssp245,People's Republic of China
2068,1.8642784799139798,ssp245,People's Republic of China
2069,2.4051156412988437,ssp245,People's Republic of China
2070,2.414335464248621,ssp245,People's Republic of China
2071,2.645512758591064,ssp245,People's Republic of China
2072,2.2173066060686173,ssp245,People's Republic of China
2073,2.1519426430442166,ssp245,People's Republic of China
2074,2.449094597259809,ssp245,People's Republic of China
2075,2.4987388843382323,ssp245,People's Republic of China
2076,2.3330952919473584,ssp245,People's Republic of China
2077,2.570712400187487,ssp245,People's Republic of China
2078,2.428252167896207,ssp245,People's Republic of China
2079,2.5118414203366735,ssp245,People's Republic of China
2080,2.4174888459358206,ssp245,People's Republic of China
2081,2.439351037905869,ssp245,People's Republic of China
2082,2.94115298879546,ssp245,People's Republic of China
2083,2.7149794199403945,ssp245,People's Republic of China
2084,2.440265188855645,ssp245,People's Republic of China
2085,3.1020812040694987,ssp245,People's Republic of China
2086,2.959220066131966,ssp245,People's Republic of China
2087,2.552443145795864,ssp245,People's Republic of China
2088,2.228081160731422,ssp245,People's Republic of China
2089,2.15711611493696,ssp245,People's Republic of China
2090,2.621492935546326,ssp245,People's Republic of China
2091,2.4381254107556276,ssp245,People's Republic of China
2092,3.1716162499367053,ssp245,People's Republic of China
2093,2.6595209966681033,ssp245,People's Republic of China
2094,2.654326269999893,ssp245,People's Republic of China
2095,3.045347281515774,ssp245,People's Republic of China
2096,2.919861156813131,ssp245,People's Republic of China
2097,3.242182471149509,ssp245,People's Republic of China
2098,2.790868899605879,ssp245,People's Republic of China
2099,2.786048046856039,ssp245,People's Republic of China
2100,3.071443917422961,ssp245,People's Republic of China
2015,0.6839709851795404,ssp370,United States of America
2016,0.9374289877303178,ssp370,United States of America
2017,0.9155522738952423,ssp370,United States of America
2018,1.2463410885603554,ssp370,United States of America
2019,0.5295610559651969,ssp370,United States of America
2020,0.6922043548886845,ssp370,United States of America
2021,0.7898501649323276,ssp370,United States of America
2022,1.2342116711239652,ssp370,United States of America
2023,1.384688126890826,ssp370,United States of America
2024,0.8617567274997344,ssp370,United States of America
2025,1.517896902525249,ssp370,United States of America
2026,1.2552220228627842,ssp370,United States of America
2027,1.195383498159723,ssp370,United States of America
2028,1.6012360722360803,ssp370,United States of America
2029,1.026265837491276,ssp370,United States of America
2030,1.2139395371080925,ssp370,United States of America
2031,0.7704233128322325,ssp370,United States of America
2032,1.0253211593276013,ssp370,United States of America
2033,1.2123039796541184,ssp370,United States of America
2034,1.3090650189215756,ssp370,United States of America
2035,1.4933889809610295,ssp370,United States of America
2036,0.9602749007701673,ssp370,United States of America
2037,2.044795061265877,ssp370,United States of America
2038,1.4546505329266968,ssp370,United States of America
2039,1.693192520327406,ssp370,United States of America
2040,1.4011294212130467,ssp370,United States of America
2041,1.444575257470561,ssp370,United States of America
2042,2.069389423209381,ssp370,United States of America
2043,2.043670108262115,ssp370,United States of America
2044,2.0826030244386606,ssp370,United States of America
2045,1.7156996186570321,ssp370,United States of America
2046,2.070295259236211,ssp370,United States of America
2047,2.379239984152553,ssp370,United States of America
2048,2.545247271365531,ssp370,United States of America
2049,2.100230678706484,ssp370,United States of America
2050,1.99276765458097,ssp370,United States of America
2051,2.0945685030448744,ssp370,United States of America
2052,2.147459256720352,ssp370,United States of America
2053,1.6544456175770597,ssp370,United States of America
2054,2.0275258725954024,ssp370,United States of America
2055,3.0231607840734114,ssp370,United States of America
2056,2.4304675905100397,ssp370,United States of America
2057,2.793435883980114,ssp370,United States of America
2058,3.1929959382317055,ssp370,United States of America
2059,2.6298793799896125,ssp370,United States of America
2060,3.13796866934504,ssp370,United States of America
2061,2.852712654331728,ssp370,United States of America
2062,3.3933712980098236,ssp370,United States of America
2063,2.261731998778005,ssp370,United States of America
2064,2.4658577087333704,ssp370,United States of America
2065,2.4426366563005564,ssp370,United States of America
2066,2.6965667183136657,ssp370,United States of America
2067,3.5728143629579465,ssp370,United States of America
2068,2.57186039700492,ssp370,United States of America
2069,3.6903029954928583,ssp370,United States of America
2070,3.5025182314730077,ssp370,United States of America
2071,4.2428428965933,ssp370,United States of America
2072,3.5839102837339705,ssp370,United States of America
2073,3.584316263862462,ssp370,United States of America
2074,3.6231383654466502,ssp370,United States of America
2075,3.736176678962269,ssp370,United States of America
2076,3.5037632992652252,ssp370,United States of America
2077,3.433394580707728,ssp370,United States of America
2078,3.345584411251363,ssp370,United States of America
2079,3.816300785160708,ssp370,United States of America
2080,3.8135192488872565,ssp370,United States of America
2081,3.7341147469119007,ssp370,United States of America
2082,3.8513866661425813,ssp370,United States of America
2083,4.488867442471547,ssp370,United States of America
2084,4.1313166293460375,ssp370,United States of America
2085,3.974526410660417,ssp370,United States of America
2086,4.106697130421982,ssp370,United States of America
2087,3.5341005090607296,ssp370,United States of America
2088,4.058750375840155,ssp370,United States of America
2089,4.115533621027092,ssp370,United States of America
2090,4.033758208665929,ssp370,United States of America
2091,4.409397272624034,ssp370,United States of America
2092,5.050543544157689,ssp370,United States of America
2093,4.116181263302619,ssp370,United States of America
2094,4.107294225368695,ssp370,United States of America
2095,4.203783052890251,ssp370,United States of America
2096,4.432807520227288,ssp370,United States of America
2097,4.5149521121365055,ssp370,United States of America
2098,3.4535504587434125,ssp370,United States of America
2099,4.0283140382237805,ssp370,United States of America
2100,4.34504358866802,ssp370,United States of America
2015,1.1342093143826801,ssp370,Russia
2016,1.2280974964890703,ssp370,Russia
2017,1.087610916611033,ssp370,Russia
2018,0.9777125845693583,ssp370,Russia
2019,0.9986369499087469,ssp370,Russia
2020,1.226620219401269,ssp370,Russia
2021,2.1487568561549124,ssp370,Russia
2022,1.6182623213502976,ssp370,Russia
2023,1.5456469623369335,ssp370,Russia
2024,1.9506759346582645,ssp370,Russia
2025,0.39335428777259945,ssp370,Russia
2026,1.0430888604544728,ssp370,Russia
2027,0.5260691068119032,ssp370,Russia
2028,0.517804277263564,ssp370,Russia
2029,1.1889972789716865,ssp370,Russia
2030,1.2771932034809201,ssp370,Russia
2031,2.2088612373812624,ssp370,Russia
2032,1.548887615598366,ssp370,Russia
2033,0.7336810555803986,ssp370,Russia
2034,0.48009330960949337,ssp370,Russia
2035,1.1184799857777217,ssp370,Russia
2036,0.7669955207603679,ssp370,Russia
2037,2.5039193493486955,ssp370,Russia
2038,1.7251365143481712,ssp370,Russia
2039,1.570093856887673,ssp370,Russia
2040,2.008354087130648,ssp370,Russia
2041,1.9358249286424172,ssp370,Russia
2042,1.725350680762789,ssp370,Russia
2043,2.2996036991185616,ssp370,Russia
2044,2.047616329494843,ssp370,Russia
2045,0.6576832677390507,ssp370,Russia
2046,1.544227760104602,ssp370,Russia
2047,2.055098849034372,ssp370,Russia
2048,2.1909184579260113,ssp370,Russia
2049,3.3903375967875875,ssp370,Russia
2050,2.0406098062160916,ssp370,Russia
2051,2.452126647904022,ssp370,Russia
2052,3.00297364573407,ssp370,Russia
2053,2.4665075776916168,ssp370,Russia
2054,2.094126218699926,ssp370,Russia
2055,2.247995814555139,ssp370,Russia
2056,2.6262845542079543,ssp370,Russia
2057,3.3302280326503824,ssp370,Russia
2058,2.799699687720521,ssp370,Russia
2059,2.6219968171346992,ssp370,Russia
2060,3.06568623877906,ssp370,Russia
2061,2.6882388294133803,ssp370,Russia
2062,2.427076424234295,ssp370,Russia
2063,2.329558389572812,ssp370,Russia
2064,2.86196068812751,ssp370,Russia
2065,3.497964415592636,ssp370,Russia
2066,3.822489379786363,ssp370,Russia
2067,4.2955839790453805,ssp370,Russia
2068,3.5259535126084303,ssp370,Russia
2069,3.822680658776351,ssp370,Russia
2070,3.7816416485723225,ssp370,Russia
2071,3.9720657387208123,ssp370,Russia
2072,3.591051601140888,ssp370,Russia
2073,4.605783225066093,ssp370,Russia
2074,4.125971906480159,ssp370,Russia
2075,4.083545512585107,ssp370,Russia
2076,3.5306163880299244,ssp370,Russia
2077,3.8932887295301533,ssp370,Russia
2078,3.2601685530967224,ssp370,Russia
2079,4.9330672936875315,ssp370,Russia
2080,3.945294574995123,ssp370,Russia
2081,4.41941404937215,ssp370,Russia
2082,4.875996044545962,ssp370,Russia
2083,4.847150384930198,ssp370,Russia
2084,4.878351016737988,ssp370,Russia
2085,5.418642348981499,ssp370,Russia
2086,4.792317007901212,ssp370,Russia
2087,4.136639972695119,ssp370,Russia
2088,4.667437955232339,ssp370,Russia
2089,5.032754806358959,ssp370,Russia
2090,4.650402372483027,ssp370,Russia
2091,4.4001056328700905,ssp370,Russia
2092,5.103622613844868,ssp370,Russia
2093,5.49773929832577,ssp370,Russia
2094,4.887294392050944,ssp370,Russia
2095,5.541343532926264,ssp370,Russia
2096,5.630560075224022,ssp370,Russia
2097,4.577638911118595,ssp370,Russia
2098,4.421148507474712,ssp370,Russia
2099,4.800236903289636,ssp370,Russia
2100,4.943789646449013,ssp370,Russia
2015,0.3423961765367825,ssp370,Japan
2016,0.3783509669997162,ssp370,Japan
2017,0.7950355002220479,ssp370,Japan
2018,0.7315703946937236,ssp370,Japan
2019,0.906746091116032,ssp370,Japan
2020,-0.38292616740661234,ssp370,Japan
2021,0.3681211335637016,ssp370,Japan
2022,0.3692095654254421,ssp370,Japan
2023,0.33190382026317466,ssp370,Japan
2024,0.48660255763118926,ssp370,Japan
2025,0.3897441776984703,ssp370,Japan
2026,0.5273313436720476,ssp370,Japan
2027,1.1410096858616585,ssp370,Japan
2028,1.2727207633462514,ssp370,Japan
2029,0.7618097969110004,ssp370,Japan
2030,0.55760059026703,ssp370,Japan
2031,0.8756600060166818,ssp370,Japan
2032,1.337105376488796,ssp370,Japan
2033,1.3170436178651508,ssp370,Japan
2034,0.8169229483705573,ssp370,Japan
2035,0.8100965960773542,ssp370,Japan
2036,1.0762070677184188,ssp370,Japan
2037,1.106320457502523,ssp370,Japan
2038,1.3959857648840048,ssp370,Japan
2039,1.2781798022004358,ssp370,Japan
2040,0.5974866505823165,ssp370,Japan
2041,1.7164082547111204,ssp370,Japan
2042,1.346679497576415,ssp370,Japan
2043,1.3507315772113493,ssp370,Japan
2044,1.285507319474287,ssp370,Japan
2045,1.81544841147226,ssp370,Japan
2046,1.2257128179443249,ssp370,Japan
2047,0.916889665847006,ssp370,Japan
2048,1.4004343576352103,ssp370,Japan
2049,1.8652950461691207,ssp370,Japan
2050,1.9084417923784944,ssp370,Japan
2051,2.06894765701212,ssp370,Japan
2052,1.9080842424564342,ssp370,Japan
2053,1.692799577831636,ssp370,Japan
2054,1.4132331859503287,ssp370,Japan
2055,1.8102343245310768,ssp370,Japan
2056,1.9794638871912678,ssp370,Japan
2057,1.6605622899696288,ssp370,Japan
2058,2.242169538763123,ssp370,Japan
2059,2.479280377345032,ssp370,Japan
2060,1.6840931682299636,ssp370,Japan
2061,2.330019444325637,ssp370,Japan
2062,1.7501498115427612,ssp370,Japan
2063,2.5215661329962984,ssp370,Japan
2064,2.0114305417086977,ssp370,Japan
2065,2.0158040139005258,ssp370,Japan
2066,2.555939851360596,ssp370,Japan
2067,2.7152191513053117,ssp370,Japan
2068,2.6912581615522377,ssp370,Japan
2069,1.6699744042097495,ssp370,Japan
2070,2.151965520029596,ssp370,Japan
2071,2.2327044059974477,ssp370,Japan
2072,3.183109323588758,ssp370,Japan
2073,2.889152316908761,ssp370,Japan
2074,2.610645929569195,ssp370,Japan
2075,2.9424587529913073,ssp370,Japan
2076,2.8636622081148615,ssp370,Japan
2077,3.0351425849198947,ssp370,Japan
2078,2.7970077279739147,ssp370,Japan
2079,3.0386423797544233,ssp370,Japan
2080,2.0628008970335454,ssp370,Japan
2081,2.8816107579167065,ssp370,Japan
2082,2.962523628625407,ssp370,Japan
2083,2.831285020913216,ssp370,Japan
2084,3.0482896202154106,ssp370,Japan
2085,4.186946729900525,ssp370,Japan
2086,3.033671963118232,ssp370,Japan
2087,3.2882435886533874,ssp370,Japan
2088,2.846262322461948,ssp370,Japan
2089,3.0874293318479737,ssp370,Japan
2090,3.3464409573633023,ssp370,Japan
2091,3.048069549786244,ssp370,Japan
2092,3.2237067121241783,ssp370,Japan
2093,3.581473622146758,ssp370,Japan
2094,3.2098705605495215,ssp370,Japan
2095,3.0556045470858963,ssp370,Japan
2096,3.806607341024012,ssp370,Japan
2097,2.9997080924408084,ssp370,Japan
2098,4.124367647949723,ssp370,Japan
2099,3.8625494392184043,ssp370,Japan
2100,3.783564254107433,ssp370,Japan
2015,0.7980667450487982,ssp370,India
2016,1.2000191467100825,ssp370,India
2017,1.6814091781206877,ssp370,India
2018,1.3977635349445956,ssp370,India
2019,0.806826933322421,ssp370,India
2020,0.8605263579079336,ssp370,India
2021,1.4995775804477096,ssp370,India
2022,1.4129996078096239,ssp370,India
2023,0.4298513660714608,ssp370,India
2024,0.9764461323750067,ssp370,India
2025,1.3794737664248453,ssp370,India
2026,0.782663578992184,ssp370,India
2027,0.7785302463076589,ssp370,India
2028,0.9683112968512642,ssp370,India
2029,1.429978699351177,ssp370,India
2030,1.0469686319079174,ssp370,India
2031,0.6339048426630263,ssp370,India
2032,1.7585349058453066,ssp370,India
2033,0.9439854917872795,ssp370,India
2034,1.2726054680146877,ssp370,India
2035,1.9153477286476668,ssp370,India
2036,2.0722004431683163,ssp370,India
2037,1.2668639882326305,ssp370,India
2038,1.5168948884733509,ssp370,India
2039,0.8215726637628118,ssp370,India
2040,1.4321670349890716,ssp370,India
2041,1.1185302804857833,ssp370,India
2042,1.8621808813911356,ssp370,India
2043,1.0679069800067043,ssp370,India
2044,1.9640814183260142,ssp370,India
2045,2.177454417989885,ssp370,India
2046,1.5894620791115082,ssp370,India
2047,1.1233496989662224,ssp370,India
2048,2.028242466486691,ssp370,India
2049,1.778075464148614,ssp370,India
2050,1.4372667742727412,ssp370,India
2051,1.8109055049643754,ssp370,India
2052,1.5506604061572704,ssp370,India
2053,1.9861931141718427,ssp370,India
2054,1.4251966108631537,ssp370,India
2055,1.084405246695494,ssp370,India
2056,2.4249577493474472,ssp370,India
2057,2.6991731870886952,ssp370,India
2058,2.076134142731705,ssp370,India
2059,2.0797515577952614,ssp370,India
2060,2.590645729629804,ssp370,India
2061,2.302064824681072,ssp370,India
2062,2.438348725121385,ssp370,India
2063,2.271610216540215,ssp370,India
2064,2.829256517542752,ssp370,India
2065,2.36437054091927,ssp370,India
2066,2.1656314191010386,ssp370,India
2067,2.304505922815098,ssp370,India
2068,2.5900110784332004,ssp370,India
2069,3.2832577878295583,ssp370,India
2070,2.5163073397333826,ssp370,India
2071,1.7083087738267702,ssp370,India
2072,2.7810804567935103,ssp370,India
2073,3.443350779101502,ssp370,India
2074,3.1067246642321527,ssp370,India
2075,2.392499229700346,ssp370,India
2076,2.207982671636372,ssp370,India
2077,3.3271789707666617,ssp370,India
2078,3.762585339340332,ssp370,India
2079,3.6490540484489706,ssp370,India
2080,3.260924180864283,ssp370,India
2081,3.5900907729030185,ssp370,India
2082,3.697310205267448,ssp370,India
2083,3.128612752877664,ssp370,India
2084,3.748572947222982,ssp370,India
2085,3.078944835941357,ssp370,India
2086,3.39676670405148,ssp370,India
2087,3.665549108851225,ssp370,India
2088,3.757821295483627,ssp370,India
2089,3.664531672471205,ssp370,India
2090,3.318025595081589,ssp370,India
2091,3.105528108642777,ssp370,India
2092,2.7717954509696625,ssp370,India
2093,3.5181808861363506,ssp370,India
2094,3.438431753236982,ssp370,India
2095,3.1839710703831097,ssp370,India
2096,3.915802950589941,ssp370,India
2097,4.047025559594285,ssp370,India
2098,3.936067820694662,ssp370,India
2099,3.989304569061557,ssp370,India
2100,4.004807571067308,ssp370,India
2015,0.6509594929661351,ssp370,People's Republic of China
2016,0.4926953942815426,ssp370,People's Republic of China
2017,0.910667301603163,ssp370,People's Republic of China
2018,1.052882047043602,ssp370,People's Republic of China
2019,0.7141232469747067,ssp370,People's Republic of China
2020,0.17205794038664982,ssp370,People's Republic of China
2021,0.8704530794993887,ssp370,People's Republic of China
2022,1.0132289806657162,ssp370,People's Republic of China
2023,0.9529784998789621,ssp370,People's Republic of China
2024,0.9991217713033401,ssp370,People's Republic of China
2025,0.6382160172990741,ssp370,People's Republic of China
2026,1.1479099257512502,ssp370,People's Republic of China
2027,1.5579910488348754,ssp370,People's Republic of China
2028,1.3411727509038804,ssp370,People's Republic of China
2029,0.863267240965061,ssp370,People's Republic of China
2030,0.37264492075212646,ssp370,People's Republic of China
2031,1.0454819939960436,ssp370,People's Republic of China
2032,1.10888028114221,ssp370,People's Republic of China
2033,1.1780202704511535,ssp370,People's Republic of China
2034,0.775383681016361,ssp370,People's Republic of China
2035,1.2510910855741724,ssp370,People's Republic of China
2036,1.5960580065055285,ssp370,People's Republic of China
2037,0.9797859344379722,ssp370,People's Republic of China
2038,1.8936881196497468,ssp370,People's Republic of China
2039,1.0283348362499505,ssp370,People's Republic of China
2040,0.8967002997825066,ssp370,People's Republic of China
2041,1.5351742758228233,ssp370,People's Republic of China
2042,1.7334443158441895,ssp370,People's Republic of China
2043,1.2332515345763284,ssp370,People's Republic of China
2044,1.4531937272115865,ssp370,People's Republic of China
2045,1.897294732440641,ssp370,People's Republic of China
2046,1.3787341677100131,ssp370,People's Republic of China
2047,1.6030698202249645,ssp370,People's Republic of China
2048,1.8157349832855478,ssp370,People's Republic of China
2049,2.2058441262563915,ssp370,People's Republic of China
2050,2.1337047749674607,ssp370,People's Republic of China
2051,2.2606452157521075,ssp370,People's Republic of China
2052,2.1669075932738697,ssp370,People's Republic of China
2053,2.2781105518083526,ssp370,People's Republic of China
2054,1.8015282722980208,ssp370,People's Republic of China
2055,2.2237031785988646,ssp370,People's Republic of China
2056,2.0199887939003487,ssp370,People's Republic of China
2057,2.251832058887267,ssp370,People's Republic of China
2058,2.480534400844551,ssp370,People's Republic of China
2059,2.379886469530799,ssp370,People's Republic of China
2060,2.410557083998538,ssp370,People's Republic of China
2061,2.7606147166687185,ssp370,People's Republic of China
2062,2.3711815723999927,ssp370,People's Republic of China
2063,3.4487325445744514,ssp370,People's Republic of China
2064,2.502694765997757,ssp370,People's Republic of China
2065,2.6272570010436787,ssp370,People's Republic of China
2066,2.8336217928337484,ssp370,People's Republic of China
2067,3.027997689290667,ssp370,People's Republic of China
2068,2.9389081766621477,ssp370,People's Republic of China
2069,2.4575126200560033,ssp370,People's Republic of China
2070,3.020654051958831,ssp370,People's Republic of China
2071,2.7818093441138045,ssp370,People's Republic of China
2072,3.295461046986628,ssp370,People's Republic of China
2073,3.0337381363536573,ssp370,People's Republic of China
2074,3.259494286919041,ssp370,People's Republic of China
2075,3.1867427675875604,ssp370,People's Republic of China
2076,3.141426182522982,ssp370,People's Republic of China
2077,3.733162729336348,ssp370,People's Republic of China
2078,3.3581162195579255,ssp370,People's Republic of China
2079,3.4152878394530366,ssp370,People's Republic of China
2080,3.143106466194608,ssp370,People's Republic of China
2081,3.4039670911220496,ssp370,People's Republic of China
2082,3.074790350460102,ssp370,People's Republic of China
2083,3.6330046206447544,ssp370,People's Republic of China
2084,3.715080611075695,ssp370,People's Republic of China
2085,3.56698483617744,ssp370,People's Republic of China
2086,3.108291952823818,ssp370,People's Republic of China
2087,3.9375511395264984,ssp370,People's Republic of China
2088,3.4343062019897763,ssp370,People's Republic of China
2089,3.569939812438518,ssp370,People's Republic of China
2090,3.4955042535624297,ssp370,People's Republic of China
2091,3.302737637771654,ssp370,People's Republic of China
2092,3.6963278479431794,ssp370,People's Republic of China
2093,4.385656099914559,ssp370,People's Republic of China
2094,3.9846285518586373,ssp370,People's Republic of China
2095,3.735698603314731,ssp370,People's Republic of China
2096,4.061253034412765,ssp370,People's Republic of China
2097,3.762645462551892,ssp370,People's Republic of China
2098,3.9385321884589852,ssp370,People's Republic of China
2099,4.465768993397867,ssp370,People's Republic of China
2100,4.229123213138645,ssp370,People's Republic of China
2015,1.0280653793303274,ssp585,United States of America
2016,0.6155164833596323,ssp585,United States of America
2017,1.2556424100570684,ssp585,United States of America
2018,1.1580417426170688,ssp585,United States of America
2019,0.7092667544764779,ssp585,United States of America
2020,1.3484992237796471,ssp585,United States of America
2021,0.9431135516051864,ssp585,United States of America
2022,1.7528743142563241,ssp585,United States of America
2023,0.8606471643495988,ssp585,United States of America
2024,1.1880159073725594,ssp585,United States of America
2025,1.223551654774154,ssp585,United States of America
2026,1.2986992130184387,ssp585,United States of America
2027,1.7289628565961783,ssp585,United States of America
2028,0.9104565161697779,ssp585,United States of America
2029,1.6688416371805566,ssp585,United States of America
2030,1.6667863682613135,ssp585,United States of America
2031,1.9436996966479105,ssp585,United States of America
2032,1.3285243018388464,ssp585,United States of America
2033,1.3682186500540003,ssp585,United States of America
2034,1.7214461673916777,ssp585,United States of America
2035,1.995907447164025,ssp585,United States of America
2036,1.3176388774980679,ssp585,United States of America
2037,1.9154624745484856,ssp585,United States of America
2038,1.6090101334172504,ssp585,United States of America
2039,2.098017561673448,ssp585,United States of America
2040,2.112337142978282,ssp585,United States of America
2041,2.0633097419753184,ssp585,United States of America
2042,2.124921789933006,ssp585,United States of America
2043,1.885717562672161,ssp585,United States of America
2044,2.5849750191227785,ssp585,United States of America
2045,1.6578611729679145,ssp585,United States of America
2046,2.04524643228137,ssp585,United States of America
2047,1.9623799032360567,ssp585,United States of America
2048,2.241543335954529,ssp585,United States of America
2049,2.6378089949055794,ssp585,United States of America
2050,3.441960993227146,ssp585,United States of America
2051,2.4472424281500205,ssp585,United States of America
2052,2.763332427941846,ssp585,United States of America
2053,2.463969233293961,ssp585,United States of America
2054,2.3555502127677803,ssp585,United States of America
2055,3.330641174562112,ssp585,United States of America
2056,2.2984812519951134,ssp585,United States of America
2057,2.9772266061071124,ssp585,United States of America
2058,2.1947335040219547,ssp585,United States of America
2059,3.0760849825282723,ssp585,United States of America
2060,2.95735660494079,ssp585,United States of America
2061,3.3472703112523234,ssp585,United States of America
2062,3.4760305033178662,ssp585,United States of America
2063,2.8762525086724553,ssp585,United States of America
2064,3.06176161504318,ssp585,United States of America
2065,3.3795646345632635,ssp585,United States of America
2066,3.8251352612063108,ssp585,United States of America
2067,3.639795939814138,ssp585,United States of America
2068,3.6297480068132657,ssp585,United States of America
2069,3.512100552967576,ssp585,United States of America
2070,3.16868137992176,ssp585,United States of America
2071,3.8549322697804964,ssp585,United States of America
2072,3.527670195271618,ssp585,United States of America
2073,3.570361288664596,ssp585,United States of America
2074,3.5132070766964274,ssp585,United States of America
2075,3.890032998871592,ssp585,United States of America
2076,3.9238315651847793,ssp585,United States of America
2077,3.6981204545565847,ssp585,United States of America
2078,4.365756307958759,ssp585,United States of America
2079,4.103948070726503,ssp585,United States of America
2080,4.203072688096936,ssp585,United States of America
2081,3.990665637886834,ssp585,United States of America
2082,4.411456898054314,ssp585,United States of America
2083,4.270985270410981,ssp585,United States of America
2084,4.6194627727232325,ssp585,United States of America
2085,4.180984203670621,ssp585,United States of America
2086,4.1255246238444565,ssp585,United States of America
2087,5.016917580202785,ssp585,United States of America
2088,4.531126921917931,ssp585,United States of America
2089,4.777213456686997,ssp585,United States of America
2090,5.365025948363106,ssp585,United States of America
2091,4.977401810390588,ssp585,United States of America
2092,4.775809418534666,ssp585,United States of America
2093,5.6739104978594535,ssp585,United States of America
2094,5.274286478979003,ssp585,United States of America
2095,4.420334941442675,ssp585,United States of America
2096,5.154583957967458,ssp585,United States of America
2097,4.8052349820314975,ssp585,United States of America
2098,5.522607625824879,ssp585,United States of America
2099,5.049184848112486,ssp585,United States of America
2100,5.642572332325832,ssp585,United States of America
2015,0.6105735529513289,ssp585,Russia
2016,0.6049376326289713,ssp585,Russia
2017,0.9625980027760471,ssp585,Russia
2018,0.5521669366464758,ssp585,Russia
2019,0.8523853201669259,ssp585,Russia
2020,0.7348879357874888,ssp585,Russia
2021,1.8924004277090016,ssp585,Russia
2022,2.4541645273022876,ssp585,Russia
2023,0.6747284893416221,ssp585,Russia
2024,0.7997994819606722,ssp585,Russia
2025,1.6959524687994825,ssp585,Russia
2026,1.222015772522701,ssp585,Russia
2027,0.821136026278555,ssp585,Russia
2028,1.7975827147328023,ssp585,Russia
2029,1.6578406803000074,ssp585,Russia
2030,1.4863946655510591,ssp585,Russia
2031,1.180510434712134,ssp585,Russia
2032,0.8900388112301825,ssp585,Russia
2033,1.2445237345787377,ssp585,Russia
2034,1.6849458708085543,ssp585,Russia
2035,2.262814873098317,ssp585,Russia
2036,1.7386180363378936,ssp585,Russia
2037,2.323513724608316,ssp585,Russia
2038,2.4388555331868185,ssp585,Russia
2039,2.379391353846083,ssp585,Russia
2040,1.8030497613672096,ssp585,Russia
2041,2.5425650761972713,ssp585,Russia
2042,2.232532907883503,ssp585,Russia
2043,1.6637618576486297,ssp585,Russia
2044,2.37647898511411,ssp585,Russia
2045,2.437215541227886,ssp585,Russia
2046,1.6792400383813122,ssp585,Russia
2047,3.276940712339294,ssp585,Russia
2048,2.3235136438471127,ssp585,Russia
2049,2.619767799432214,ssp585,Russia
2050,2.8682703284946047,ssp585,Russia
2051,3.1929051857005897,ssp585,Russia
2052,2.0897804723998736,ssp585,Russia
2053,2.1663503886988345,ssp585,Russia
2054,3.0427640427982534,ssp585,Russia
2055,2.498221102825683,ssp585,Russia
2056,2.484274462446077,ssp585,Russia
2057,3.5053943971079056,ssp585,Russia
2058,2.8513493122211995,ssp585,Russia
2059,3.2225703363856124,ssp585,Russia
2060,3.5111741573629143,ssp585,Russia
2061,3.024052022140535,ssp585,Russia
2062,4.777855095369757,ssp585,Russia
2063,3.7576236355791828,ssp585,Russia
2064,3.5415799162450843,ssp585,Russia
2065,4.205396033637417,ssp585,Russia
2066,3.743713199511232,ssp585,Russia
2067,4.003597577917408,ssp585,Russia
2068,4.1138473534082065,ssp585,Russia
2069,4.617293315487314,ssp585,Russia
2070,3.848466340020079,ssp585,Russia
2071,4.193159780743836,ssp585,Russia
2072,4.081452356220645,ssp585,Russia
2073,3.141250476446775,ssp585,Russia
2074,5.030927321137397,ssp585,Russia
2075,3.5369985172170555,ssp585,Russia
2076,5.221961801323568,ssp585,Russia
2077,3.9964162266458283,ssp585,Russia
2078,4.322048624207153,ssp585,Russia
2079,4.584797049943964,ssp585,Russia
2080,4.536108166475576,ssp585,Russia
2081,5.40369225830423,ssp585,Russia
2082,4.944844183356981,ssp585,Russia
2083,4.203420608084803,ssp585,Russia
2084,5.448113867087496,ssp585,Russia
2085,5.4870554490519945,ssp585,Russia
2086,5.219935279277436,ssp585,Russia
2087,5.5769582540683045,ssp585,Russia
2088,5.211281051387671,ssp585,Russia
2089,5.92123699251059,ssp585,Russia
2090,5.921498436173284,ssp585,Russia
2091,5.697735119078193,ssp585,Russia
2092,5.825572720562862,ssp585,Russia
2093,6.068962992854349,ssp585,Russia
2094,6.0457399079946,ssp585,Russia
2095,5.447643279868873,ssp585,Russia
2096,5.651329916989851,ssp585,Russia
2097,6.381326429599177,ssp585,Russia
2098,5.687130192132933,ssp585,Russia
2099,6.274471832016201,ssp585,Russia
2100,6.597714053226164,ssp585,Russia
2015,0.2701908933419025,ssp585,Japan
2016,0.46865904558254495,ssp585,Japan
2017,0.4532025887487308,ssp585,Japan
2018,0.7681163136134767,ssp585,Japan
2019,0.4469616686376931,ssp585,Japan
2020,1.2544929906568614,ssp585,Japan
2021,0.8277654385400394,ssp585,Japan
2022,1.0757948840925882,ssp585,Japan
2023,0.8071093962352829,ssp585,Japan
2024,0.43368697249278126,ssp585,Japan
2025,0.5749873359671782,ssp585,Japan
2026,0.6503137263177989,ssp585,Japan
2027,1.3869278042423125,ssp585,Japan
2028,1.532305097813883,ssp585,Japan
2029,0.5856575800506676,ssp585,Japan
2030,0.6309197407197615,ssp585,Japan
2031,0.4318541706677263,ssp585,Japan
2032,0.42492098601499995,ssp585,Japan
2033,0.1381465547560789,ssp585,Japan
2034,1.4255802548746868,ssp585,Japan
2035,1.48572094171296,ssp585,Japan
2036,1.4212354298284868,ssp585,Japan
2037,0.9063348057726943,ssp585,Japan
2038,1.23025361807757,ssp585,Japan
2039,1.2672342709253885,ssp585,Japan
2040,1.0690419669407247,ssp585,Japan
2041,1.0895404543029212,ssp585,Japan
2042,1.0464904450364632,ssp585,Japan
2043,1.244035634452203,ssp585,Japan
2044,2.0192807342561765,ssp585,Japan
2045,1.7504977078096327,ssp585,Japan
2046,1.2555472196875181,ssp585,Japan
2047,1.4736418652104275,ssp585,Japan
2048,2.133767469232553,ssp585,Japan
2049,1.412205356473334,ssp585,Japan
2050,1.4551108615041883,ssp585,Japan
2051,2.6117872928618286,ssp585,Japan
2052,1.740683742992129,ssp585,Japan
2053,1.6490991327784053,ssp585,Japan
2054,2.471441641963436,ssp585,Japan
2055,2.1967768596237653,ssp585,Japan
2056,2.6979832530012353,ssp585,Japan
2057,2.4091838910100107,ssp585,Japan
2058,2.303960937342008,ssp585,Japan
2059,1.6241525295431691,ssp585,Japan
2060,2.3398607267860014,ssp585,Japan
2061,1.8285381302617905,ssp585,Japan
2062,2.8385420508776624,ssp585,Japan
2063,2.9625126092683614,ssp585,Japan
2064,3.0244161833436918,ssp585,Japan
2065,2.5192257011905093,ssp585,Japan
2066,2.779027189290985,ssp585,Japan
2067,2.3882187704267537,ssp585,Japan
2068,2.6072921345058764,ssp585,Japan
2069,2.593842170028328,ssp585,Japan
2070,2.907266376850043,ssp585,Japan
2071,2.6541590968361013,ssp585,Japan
2072,2.876086639596207,ssp585,Japan
2073,2.3940561809531387,ssp585,Japan
2074,3.503145669565042,ssp585,Japan
2075,2.8852584527956378,ssp585,Japan
2076,2.9784199611988766,ssp585,Japan
2077,2.391671744288855,ssp585,Japan
2078,2.988913617264588,ssp585,Japan
2079,3.329240200932439,ssp585,Japan
2080,3.25065603323464,ssp585,Japan
2081,3.6066653092430205,ssp585,Japan
2082,3.366398577017244,ssp585,Japan
2083,3.1412788342979328,ssp585,Japan
2084,3.2426992109007733,ssp585,Japan
2085,3.77462960475153,ssp585,Japan
2086,3.4115594173366626,ssp585,Japan
2087,3.0122967696067775,ssp585,Japan
2088,3.5461880386160582,ssp585,Japan
2089,3.56217861527496,ssp585,Japan
2090,3.645421017632981,ssp585,Japan
2091,3.6084385187144488,ssp585,Japan
2092,3.7817162635218224,ssp585,Japan
2093,3.7022421841988327,ssp585,Japan
2094,3.579498797165995,ssp585,Japan
2095,4.794828315983204,ssp585,Japan
2096,4.55332117224698,ssp585,Japan
2097,4.832194821954363,ssp585,Japan
2098,3.8431923263863013,ssp585,Japan
2099,3.878042628576402,ssp585,Japan
2100,4.361302477648423,ssp585,Japan
2015,0.5165974753275239,ssp585,India
2016,1.0002259831168547,ssp585,India
2017,0.8820577943610894,ssp585,India
2018,0.7045163812426672,ssp585,India
2019,0.8217499688497486,ssp585,India
2020,0.7543115612073669,ssp585,India
2021,1.002391386937753,ssp585,India
2022,0.5555040375082292,ssp585,India
2023,1.3103649001721211,ssp585,India
2024,1.1199447217149656,ssp585,India
2025,1.5599805997365082,ssp585,India
2026,1.3961163522818507,ssp585,India
2027,1.0090122608022452,ssp585,India
2028,1.0541693022771783,ssp585,India
2029,1.4903449782036329,ssp585,India
2030,0.43745455167878633,ssp585,India
2031,1.2049240771373535,ssp585,India
2032,1.4300291998159942,ssp585,India
2033,1.098182862399852,ssp585,India
2034,0.8956776408906482,ssp585,India
2035,0.4208155320783244,ssp585,India
2036,1.244876932942178,ssp585,India
2037,1.1982278017569536,ssp585,India
2038,0.5095038447466185,ssp585,India
2039,1.3278986213164934,ssp585,India
2040,0.8064221602117279,ssp585,India
2041,1.1355675157818161,ssp585,India
2042,1.3174315892840742,ssp585,India
2043,1.7383123844706763,ssp585,India
2044,1.9360830332672638,ssp585,India
2045,1.839514994583995,ssp585,India
2046,1.0126806168880094,ssp585,India
2047,1.6471295482937107,ssp585,India
2048,1.7084145788542529,ssp585,India
2049,1.9694951444160713,ssp585,India
2050,1.5209599461572119,ssp585,India
2051,1.8770798081000484,ssp585,India
2052,2.3088704701322196,ssp585,India
2053,2.466063502949604,ssp585,India
2054,3.025141791312711,ssp585,India
2055,2.3088159692286747,ssp585,India
2056,2.107712618154036,ssp585,India
2057,2.6107158282958673,ssp585,India
2058,2.596563814248299,ssp585,India
2059,2.5899291924229266,ssp585,India
2060,1.775027302093744,ssp585,India
2061,3.267875167573247,ssp585,India
2062,2.532186494539076,ssp585,India
2063,2.623260199036412,ssp585,India
2064,3.9582985787903806,ssp585,India
2065,2.778097430357339,ssp585,India
2066,2.569855479250769,ssp585,India
2067,2.7861337554074597,ssp585,India
2068,2.6994930384884293,ssp585,India
2069,3.5089855635439466,ssp585,India
2070,3.35716524660156,ssp585,India
2071,3.077741656695964,ssp585,India
2072,2.17015653246073,ssp585,India
2073,3.5372154585352322,ssp585,India
2074,4.001985454181286,ssp585,India
2075,3.8911167116962266,ssp585,India
2076,3.063059642572922,ssp585,India
2077,3.568996821062716,ssp585,India
2078,3.696944936728799,ssp585,India
2079,3.8768686543623243,ssp585,India
2080,3.650668129283163,ssp585,India
2081,3.4195360744698022,ssp585,India
2082,3.825149046878847,ssp585,India
2083,3.6383136596707555,ssp585,India
2084,3.895451960148777,ssp585,India
2085,4.356782920118403,ssp585,India
2086,4.47732415692886,ssp585,India
2087,3.5213946047499993,ssp585,India
2088,4.206291372776467,ssp585,India
2089,4.0394032139988205,ssp585,India
2090,3.6224172134608175,ssp585,India
2091,4.343771170372315,ssp585,India
2092,3.7956182989136087,ssp585,India
2093,4.504898417015527,ssp585,India
2094,4.22589835930865,ssp585,India
2095,4.560764276225225,ssp585,India
2096,4.820630673177242,ssp585,India
2097,3.7697295717042034,ssp585,India
2098,4.46516231644306,ssp585,India
2099,5.2903647321010325,ssp585,India
2100,4.612542183941826,ssp585,India
2015,0.6866918693224215,ssp585,People's Republic of China
2016,1.1004507846192138,ssp585,People's Republic of China
2017,0.8983169399350438,ssp585,People's Republic of China
2018,1.1597033472916962,ssp585,People's Republic of China
2019,0.6909463536540885,ssp585,People's Republic of China
2020,1.33145278110359,ssp585,People's Republic of China
2021,1.10631974521952,ssp585,People's Republic of China
2022,1.0986831109499768,ssp585,People's Republic of China
2023,0.9643721477031639,ssp585,People's Republic of China
2024,0.7405321228718154,ssp585,People's Republic of China
2025,0.8349624189133561,ssp585,People's Republic of China
2026,0.9778967296692774,ssp585,People's Republic of China
2027,1.2657388318450176,ssp585,People's Republic of China
2028,1.381545458508198,ssp585,People's Republic of China
2029,0.8840459424456767,ssp585,People's Republic of China
2030,1.048570339335372,ssp585,People's Republic of China
2031,1.2174816910312989,ssp585,People's Republic of China
2032,0.9749761409152516,ssp585,People's Republic of China
2033,1.0120559854690065,ssp585,People's Republic of China
2034,1.7397501880536634,ssp585,People's Republic of China
2035,1.5979882616709704,ssp585,People's Republic of China
2036,1.8293253110299559,ssp585,People's Republic of China
2037,1.1655740745062577,ssp585,People's Republic of China
2038,1.2065567407031796,ssp585,People's Republic of China
2039,1.3356416454022995,ssp585,People's Republic of China
2040,1.4800340578417794,ssp585,People's Republic of China
2041,1.4863428528137954,ssp585,People's Republic of China
2042,1.3839704343011825,ssp585,People's Republic of China
2043,2.1014077640345006,ssp585,People's Republic of China
2044,2.397144802331387,ssp585,People's Republic of China
2045,2.0714282918301516,ssp585,People's Republic of China
2046,1.5600471667137428,ssp585,People's Republic of China
2047,1.8343338819966009,ssp585,People's Republic of China
2048,2.3020692338796334,ssp585,People's Republic of China
2049,2.5124037970166304,ssp585,People's Republic of China
2050,1.9102297777680235,ssp585,People's Republic of China
2051,2.6628756246083216,ssp585,People's Republic of China
2052,2.041571223349113,ssp585,People's Republic of China
2053,2.151421533093773,ssp585,People's Republic of China
2054,3.146576597946898,ssp585,People's Republic of China
2055,2.4305086020573623,ssp585,People's Republic of China
2056,2.7081055214889207,ssp585,People's Republic of China
2057,2.828075754803004,ssp585,People's Republic of China
2058,2.9041829052171173,ssp585,People's Republic of China
2059,2.3466033303158818,ssp585,People's Republic of China
2060,2.6133981326128772,ssp585,People's Republic of China
2061,2.671977314752561,ssp585,People's Republic of China
2062,2.933951607038594,ssp585,People's Republic of China
2063,3.0586949598344066,ssp585,People's Republic of China
2064,3.410001744635769,ssp585,People's Republic of China
2065,3.029068266957199,ssp585,People's Republic of China
2066,3.3491570820841767,ssp585,People's Republic of China
2067,3.2292950818102586,ssp585,People's Republic of China
2068,3.228249184059326,ssp585,People's Republic of China
2069,3.0242086614674473,ssp585,People's Republic of China
2070,3.287124936422141,ssp585,People's Republic of China
2071,3.4512792926738256,ssp585,People's Republic of China
2072,3.304228540029636,ssp585,People's Republic of China
2073,3.309113052716883,ssp585,People's Republic of China
2074,3.442155819287966,ssp585,People's Republic of China
2075,3.6203282095891742,ssp585,People's Republic of China
2076,3.6615556990923435,ssp585,People's Republic of China
2077,3.266253510204796,ssp585,People's Republic of China
2078,3.786470047155161,ssp585,People's Republic of China
2079,3.8038580949968837,ssp585,People's Republic of China
2080,4.034214698079144,ssp585,People's Republic of China
2081,3.860998066468309,ssp585,People's Republic of China
2082,3.9407152261683454,ssp585,People's Republic of China
2083,4.174350816421651,ssp585,People's Republic of China
2084,4.267937885794788,ssp585,People's Republic of China
2085,4.373015801175074,ssp585,People's Republic of China
2086,4.115676399085424,ssp585,People's Republic of China
2087,3.7706438408583094,ssp585,People's Republic of China
2088,4.241613539603757,ssp585,People's Republic of China
2089,4.4396989101049265,ssp585,People's Republic of China
2090,4.542334825407763,ssp585,People's Republic of China
2091,4.223551505107626,ssp585,People's Republic of China
2092,4.703147966490969,ssp585,People's Republic of China
2093,4.972663620232288,ssp585,People's Republic of China
2094,4.636587483160209,ssp585,People's Republic of China
2095,5.051810433049951,ssp585,People's Republic of China
2096,5.2276195500633,ssp585,People's Republic of China
2097,5.44865162197253,ssp585,People's Republic of China
2098,5.1966610335546335,ssp585,People's Republic of China
2099,4.900031210077683,ssp585,People's Republic of China
2100,5.357209876229403,ssp585,People's Republic of China
